{
    "variables": {
        "x_i_claims": [
            0,
            1,
            0
        ],
        "y_i_clusters": [
            1
        ],
        "z_i_budget": [
            1,
            0,
            1,
            0
        ]
    },
    "energie_classique": -1.1483316276956748,
    "temps_execution_s": 13.350963592529297
}