{
    "dataset": "medium_35_clusters",
    "budget": 82000.0,
    "alpha": 1.0,
    "n_qubits": 45,
    "scaling": "NONE (raw costs)",
    "greedy": {
        "obj": 103498.93037610687,
        "R": 96041.63980743501,
        "B": 7457.290568671858,
        "cost": 79111.0,
        "n_claims": 19,
        "claim_ids": [
            "S001",
            "S002",
            "S003",
            "S005",
            "S007",
            "S010",
            "S011",
            "S012",
            "S015",
            "S016",
            "S017",
            "S020",
            "S024",
            "S027",
            "S028",
            "S029",
            "S030",
            "S032",
            "S035"
        ]
    },
    "nqs_feasible": {
        "obj": 171713.6702245911,
        "cost": 80614.0,
        "claim_ids": [
            "S001",
            "S003",
            "S004",
            "S006",
            "S007",
            "S008",
            "S009",
            "S011",
            "S012",
            "S013",
            "S015",
            "S017",
            "S021",
            "S024",
            "S025",
            "S027",
            "S030",
            "S031",
            "S032",
            "S034"
        ],
        "clusters": [
            0,
            1,
            2,
            3,
            4,
            5,
            7,
            8,
            9
        ]
    },
    "n_feasible": 2,
    "n_unique": 2,
    "temps_s": 48.072206020355225
}