{
    "dataset": "medium_35",
    "budget": 20000.0,
    "n_qubits": 50,
    "cost_scale": 646,
    "greedy": {
        "obj": 68.71939964162625,
        "R": 67.67039034000001,
        "B": 1.049009301626238,
        "cost_raw": 20663.0,
        "n_claims": 10
    },
    "nqs_best_energy": {
        "obj": 29.78264168702563,
        "R": 25.721700794999997,
        "B": 4.0609408920256325,
        "cost_raw": 15264.0,
        "budget_ok": true,
        "n_claims": 9
    },
    "nqs_best_feasible": {
        "obj": 35.29181455819129
    },
    "temps_s": 122.89890575408936,
    "n_starts": 3
}